G,Date,Age,Opp,W/L,At,Name,GS,MP,FG,FGA,3P,3PA,FT,FTA,ORB,DRB,TRB,AST,STL,BLK,TOV,PF,PTS,+/-,TS%,eFG%,ORB%,DRB%,TRB%,AST%,STL%,BLK%,TOV%,USG%,ORtg,DRtg,GmSc_y,BPM
3,2022-10-22,23-033,MIA,L (-3),@,Precious Achiuwa 2022-23 Advanced Game Log ,0.0,33.53333333333333,5.0,9.0,2.0,5.0,6.0,7.0,3.0,8.0,11.0,1.0,0.0,0.0,1.0,1.0,18.0,16.0,0.745,0.667,9.3,32.7,19.4,4.8,0.0,0.0,7.6,17.8,146.0,122.0,17.1,0.5
3,2022-10-22,29-094,DAL,L (-41),@,Steven Adams 2022-23 Advanced Game Log ,1.0,22.316666666666666,1.0,3.0,0.0,0.0,0.0,2.0,1.0,3.0,4.0,1.0,1.0,4.0,3.0,1.0,2.0,-30.0,0.258,0.333,5.0,17.0,10.6,6.8,2.2,16.9,43.6,13.9,43.0,127.0,2.2,-8.2
3,2022-10-22,25-096,TOR,W (+3),,Bam Adebayo 2022-23 Advanced Game Log ,1.0,35.7,4.0,6.0,0.0,1.0,2.0,2.0,0.0,7.0,7.0,1.0,0.0,0.0,3.0,3.0,10.0,5.0,0.727,0.667,0.0,20.5,11.6,4.1,0.0,0.0,30.4,12.9,96.0,116.0,6.0,-7.1
3,2022-10-22,21-285,DAL,L (-41),@,Santi Aldama 2022-23 Advanced Game Log ,1.0,20.783333333333335,2.0,4.0,1.0,3.0,3.0,3.0,2.0,4.0,6.0,0.0,0.0,0.0,2.0,5.0,8.0,-10.0,0.752,0.625,10.7,24.3,17.1,0.0,0.0,0.0,27.3,15.9,115.0,137.0,4.6,-9.6
3,2022-10-23,24-185,WAS,W (+10),,Jarrett Allen 2022-23 Advanced Game Log ,1.0,37.516666666666666,6.0,13.0,0.0,0.0,3.0,4.0,6.0,8.0,14.0,3.0,0.0,2.0,0.0,2.0,15.0,-1.0,0.508,0.462,18.0,31.4,23.8,13.0,0.0,4.8,0.0,17.4,136.0,104.0,17.2,1.6
3,2022-10-23,24-194,UTA,L (-1),,Jose Alvarado 2022-23 Advanced Game Log ,0.0,24.166666666666668,3.0,6.0,1.0,3.0,0.0,0.0,0.0,3.0,3.0,4.0,1.0,1.0,3.0,1.0,7.0,-5.0,0.583,0.583,0.0,14.3,7.4,21.2,2.0,3.7,33.3,15.3,91.0,112.0,6.0,0.0
3,2022-10-22,25-097,MIA,L (-3),@,OG Anunoby 2022-23 Advanced Game Log ,1.0,38.35,5.0,14.0,3.0,6.0,0.0,0.0,1.0,8.0,9.0,0.0,1.0,1.0,0.0,3.0,13.0,4.0,0.464,0.464,2.7,28.6,13.9,0.0,1.3,2.7,0.0,16.6,94.0,117.0,8.8,-7.2
3,2022-10-23,21-293,CLE,L (-10),@,Deni Avdija 2022-23 Advanced Game Log ,1.0,14.45,1.0,6.0,0.0,3.0,0.0,0.0,0.0,2.0,2.0,0.0,2.0,0.0,1.0,4.0,2.0,1.0,0.167,0.167,0.0,15.6,8.8,0.0,7.2,0.0,14.3,23.0,29.0,102.0,-1.8,-19.5
3,2022-10-23,24-092,LAC,W (+17),@,Deandre Ayton 2022-23 Advanced Game Log ,1.0,28.75,6.0,11.0,0.0,1.0,1.0,1.0,2.0,6.0,8.0,1.0,0.0,1.0,4.0,5.0,13.0,7.0,0.568,0.545,7.1,22.3,14.5,5.1,0.0,3.3,25.9,23.4,89.0,99.0,6.3,-9.1
3,2022-10-22,24-163,BOS,L (-6),,Mo Bamba 2022-23 Advanced Game Log ,0.0,11.7,1.0,3.0,1.0,3.0,0.0,0.0,0.0,0.0,0.0,1.0,0.0,0.0,0.0,2.0,3.0,2.0,0.5,0.5,0.0,0.0,0.0,10.0,0.0,0.0,0.0,10.8,124.0,136.0,1.2,-8.8
3,2022-10-22,24-119,DAL,L (-41),@,Desmond Bane 2022-23 Advanced Game Log ,1.0,27.25,4.0,11.0,2.0,5.0,4.0,4.0,0.0,5.0,5.0,4.0,1.0,0.0,1.0,2.0,14.0,-8.0,0.549,0.455,0.0,23.2,10.9,26.1,1.8,0.0,7.3,22.7,112.0,133.0,11.4,-1.0
3,2022-10-22,22-349,MIA,L (-3),@,Dalano Banton 2022-23 Advanced Game Log ,0.0,5.55,1.0,2.0,1.0,2.0,0.0,0.0,0.0,0.0,0.0,0.0,0.0,1.0,0.0,1.0,3.0,-3.0,0.75,0.75,0.0,0.0,0.0,0.0,0.0,18.8,0.0,16.4,133.0,112.0,2.3,7.5
3,2022-10-23,30-146,GSW,L (-5),@,Harrison Barnes 2022-23 Advanced Game Log ,1.0,21.45,1.0,1.0,0.0,0.0,2.0,4.0,0.0,2.0,2.0,0.0,1.0,0.0,2.0,1.0,4.0,-18.0,0.725,1.0,0.0,10.2,5.1,0.0,2.1,0.0,42.0,8.4,74.0,121.0,2.1,-7.3
3,2022-10-22,21-082,MIA,L (-3),@,Scottie Barnes 2022-23 Advanced Game Log ,1.0,13.233333333333333,5.0,9.0,0.0,1.0,1.0,3.0,1.0,1.0,2.0,2.0,0.0,1.0,1.0,1.0,11.0,-8.0,0.533,0.556,7.9,10.4,9.0,38.5,0.0,7.9,8.8,39.0,103.0,119.0,7.6,0.6
3,2022-10-23,31-290,CLE,L (-10),@,Will Barton 2022-23 Advanced Game Log ,0.0,35.43333333333333,4.0,11.0,1.0,3.0,0.0,0.0,0.0,4.0,4.0,2.0,2.0,0.0,5.0,2.0,9.0,-7.0,0.409,0.409,0.0,12.7,7.2,8.1,2.9,0.0,31.3,21.4,59.0,114.0,1.7,-11.8
3,2022-10-22,26-272,PHI,W (+9),@,Keita Bates-Diop 2022-23 Advanced Game Log ,0.0,4.033333333333333,1.0,1.0,1.0,1.0,0.0,0.0,0.0,0.0,0.0,0.0,0.0,0.0,0.0,0.0,3.0,0.0,1.5,1.5,0.0,0.0,0.0,0.0,0.0,0.0,0.0,10.9,300.0,122.0,2.7,16.1
3,2022-10-23,33-313,PHO,L (-17),,Nicolas Batum 2022-23 Advanced Game Log ,0.0,14.05,1.0,3.0,1.0,2.0,0.0,0.0,0.0,3.0,3.0,0.0,0.0,0.0,0.0,1.0,3.0,-4.0,0.5,0.5,0.0,21.8,11.1,0.0,0.0,0.0,0.0,9.8,103.0,121.0,1.8,-5.8
3,2022-10-23,22-133,MIN,L (-10),,Darius Bazley 2022-23 Advanced Game Log ,0.0,4.45,0.0,1.0,0.0,0.0,0.0,0.0,0.0,0.0,0.0,0.0,0.0,0.0,0.0,0.0,0.0,-12.0,0.0,0.0,0.0,0.0,0.0,0.0,0.0,0.0,0.0,9.4,0.0,124.0,-0.7,-19.1
3,2022-10-23,29-117,CLE,L (-10),@,Bradley Beal 2022-23 Advanced Game Log ,1.0,41.583333333333336,11.0,16.0,0.0,1.0,5.0,7.0,1.0,3.0,4.0,5.0,2.0,0.0,6.0,3.0,27.0,-5.0,0.708,0.688,3.5,8.1,6.1,22.0,2.5,0.0,23.9,28.6,111.0,117.0,19.3,0.0
3,2022-10-23,25-331,NOP,W (+1),@,Malik Beasley 2022-23 Advanced Game Log ,0.0,20.966666666666665,2.0,5.0,0.0,2.0,0.0,1.0,0.0,1.0,1.0,2.0,1.0,0.0,2.0,1.0,4.0,2.0,0.368,0.4,0.0,5.9,2.8,13.3,2.4,0.0,26.9,14.9,67.0,117.0,1.2,-9.2
3,2022-10-23,34-103,POR,L (-2),,Patrick Beverley 2022-23 Advanced Game Log ,1.0,29.516666666666666,1.0,3.0,1.0,3.0,4.0,4.0,1.0,3.0,4.0,5.0,1.0,0.0,2.0,3.0,7.0,7.0,0.735,0.5,3.3,11.3,7.1,20.7,1.6,0.0,29.6,9.7,126.0,109.0,8.2,-0.6
3,2022-10-22,23-196,IND,L (-9),@,Saddiq Bey 2022-23 Advanced Game Log ,1.0,36.38333333333333,5.0,16.0,2.0,8.0,8.0,8.0,4.0,7.0,11.0,3.0,1.0,0.0,1.0,1.0,20.0,5.0,0.512,0.375,9.4,16.5,13.0,13.0,1.3,0.0,4.9,22.3,123.0,120.0,17.4,-1.8
3,2022-10-22,23-094,DET,W (+9),,Goga Bitadze 2022-23 Advanced Game Log ,0.0,25.4,6.0,8.0,1.0,3.0,1.0,4.0,8.0,7.0,15.0,4.0,1.0,1.0,1.0,3.0,14.0,8.0,0.717,0.813,27.0,23.6,25.3,22.5,1.9,3.6,9.3,16.3,154.0,108.0,19.6,7.1
3,2022-10-22,33-187,IND,L (-9),@,Bojan Bogdanović 2022-23 Advanced Game Log ,1.0,32.483333333333334,5.0,16.0,4.0,10.0,2.0,2.0,1.0,2.0,3.0,5.0,0.0,0.0,0.0,1.0,16.0,-4.0,0.474,0.438,2.6,5.3,4.0,25.0,0.0,0.0,0.0,20.6,120.0,129.0,11.2,-2.4
3,2022-10-22,22-340,BOS,L (-6),,Bol Bol 2022-23 Advanced Game Log ,0.0,14.866666666666667,3.0,7.0,0.0,1.0,0.0,0.0,0.0,5.0,5.0,0.0,0.0,4.0,0.0,2.0,6.0,9.0,0.429,0.429,0.0,37.5,19.0,0.0,0.0,32.3,0.0,19.8,94.0,108.0,5.8,-3.4
3,2022-10-23,25-358,LAC,W (+17),@,Devin Booker 2022-23 Advanced Game Log ,1.0,34.81666666666667,13.0,21.0,5.0,9.0,4.0,4.0,1.0,0.0,1.0,4.0,1.0,0.0,3.0,1.0,35.0,13.0,0.769,0.738,2.9,0.0,1.5,22.0,1.5,0.0,11.6,32.2,136.0,105.0,26.6,14.5
3,2022-10-23,22-035,ATL,W (+17),@,James Bouknight 2022-23 Advanced Game Log ,0.0,17.666666666666668,3.0,9.0,2.0,4.0,2.0,2.0,0.0,1.0,1.0,2.0,1.0,0.0,0.0,4.0,10.0,20.0,0.506,0.444,0.0,5.0,2.8,14.0,2.7,0.0,0.0,23.1,124.0,111.0,6.0,-3.4
3,2022-10-23,26-054,LAC,W (+17),@,Mikal Bridges 2022-23 Advanced Game Log ,1.0,36.483333333333334,3.0,9.0,1.0,3.0,0.0,0.0,1.0,3.0,4.0,4.0,0.0,1.0,1.0,3.0,7.0,9.0,0.389,0.389,2.8,8.8,5.7,13.5,0.0,2.6,10.0,11.9,98.0,104.0,4.8,-4.5
3,2022-10-22,29-315,ORL,W (+6),@,Malcolm Brogdon 2022-23 Advanced Game Log ,0.0,20.666666666666668,4.0,10.0,1.0,4.0,4.0,5.0,1.0,1.0,2.0,4.0,0.0,0.0,2.0,1.0,13.0,-2.0,0.533,0.45,5.4,5.5,5.5,28.4,0.0,0.0,14.1,30.7,110.0,129.0,8.6,-8.6
3,2022-10-22,25-363,ORL,W (+6),@,Jaylen Brown 2022-23 Advanced Game Log ,1.0,37.5,4.0,16.0,1.0,6.0,3.0,4.0,1.0,8.0,9.0,4.0,1.0,1.0,2.0,1.0,12.0,14.0,0.338,0.281,3.0,24.4,13.6,13.9,1.3,2.1,10.1,23.6,80.0,120.0,7.2,-12.4
3,2022-10-22,26-068,OKC,W (+5),,Bruce Brown 2022-23 Advanced Game Log ,0.0,26.25,2.0,8.0,1.0,3.0,0.0,2.0,1.0,1.0,2.0,3.0,0.0,1.0,0.0,1.0,5.0,-5.0,0.282,0.313,4.0,3.9,3.9,14.3,0.0,3.3,0.0,13.9,85.0,117.0,2.8,-8.6
3,2022-10-22,33-038,TOR,W (+3),,Jimmy Butler 2022-23 Advanced Game Log ,1.0,34.833333333333336,7.0,16.0,1.0,1.0,9.0,11.0,1.0,3.0,4.0,5.0,0.0,0.0,2.0,2.0,24.0,6.0,0.576,0.469,3.9,9.0,6.8,24.3,0.0,0.0,8.8,30.6,118.0,119.0,17.1,-1.7
3,2022-10-22,29-246,OKC,W (+5),,Kentavious Caldwell-Pope 2022-23 Advanced Game Log ,1.0,31.916666666666668,7.0,13.0,6.0,10.0,1.0,1.0,0.0,5.0,5.0,2.0,0.0,0.0,2.0,5.0,21.0,16.0,0.781,0.769,0.0,16.0,8.1,9.6,0.0,0.0,13.0,19.9,122.0,116.0,13.6,1.1
3,2022-10-23,28-158,CHO,L (-17),,Clint Capela 2022-23 Advanced Game Log ,1.0,22.95,6.0,8.0,0.0,0.0,2.0,2.0,5.0,5.0,10.0,1.0,1.0,1.0,1.0,4.0,14.0,-19.0,0.788,0.75,19.4,24.3,21.6,7.9,2.1,3.3,10.1,17.3,153.0,121.0,15.6,4.2
3,2022-10-22,23-189,BOS,L (-6),,Wendell Carter Jr. 2022-23 Advanced Game Log ,1.0,34.93333333333333,6.0,13.0,1.0,1.0,2.0,4.0,5.0,7.0,12.0,5.0,0.0,1.0,3.0,5.0,15.0,-4.0,0.508,0.5,16.4,22.4,19.4,18.7,0.0,3.4,16.9,21.4,112.0,130.0,12.3,-6.1
3,2022-10-22,28-236,CLE,L (-32),,Alex Caruso 2022-23 Advanced Game Log ,0.0,16.6,0.0,1.0,0.0,1.0,2.0,2.0,0.0,2.0,2.0,2.0,1.0,1.0,1.0,1.0,2.0,-15.0,0.532,0.0,0.0,17.5,7.0,17.0,3.0,5.0,34.7,7.9,94.0,129.0,3.6,-5.0
3,2022-10-22,20-318,MIL,L (-20),@,Josh Christopher 2022-23 Advanced Game Log ,0.0,15.916666666666666,1.0,5.0,0.0,2.0,1.0,2.0,1.0,1.0,2.0,1.0,0.0,0.0,1.0,1.0,3.0,-15.0,0.255,0.2,5.6,7.5,6.4,9.1,0.0,0.0,14.5,18.1,64.0,132.0,-0.2,-19.7
3,2022-10-22,26-033,DAL,L (-41),@,Brandon Clarke 2022-23 Advanced Game Log ,0.0,16.783333333333335,4.0,7.0,0.0,0.0,0.0,0.0,0.0,3.0,3.0,1.0,0.0,1.0,1.0,2.0,8.0,-2.0,0.571,0.571,0.0,22.6,10.6,12.7,0.0,5.6,12.5,21.5,97.0,135.0,5.2,-5.1
3,2022-10-23,30-138,NOP,W (+1),@,Jordan Clarkson 2022-23 Advanced Game Log ,1.0,36.733333333333334,7.0,19.0,3.0,10.0,1.0,2.0,0.0,1.0,1.0,6.0,0.0,1.0,3.0,0.0,18.0,4.0,0.453,0.447,0.0,3.4,1.6,26.3,0.0,1.9,13.1,26.1,96.0,121.0,9.3,-3.8
3,2022-10-23,25-030,CHO,L (-17),,John Collins 2022-23 Advanced Game Log ,1.0,38.483333333333334,3.0,12.0,0.0,7.0,4.0,4.0,2.0,8.0,10.0,1.0,1.0,4.0,1.0,2.0,10.0,-11.0,0.363,0.25,4.6,23.2,12.9,3.5,1.2,7.8,6.8,15.4,87.0,121.0,9.3,-7.6
3,2022-10-22,24-337,PHI,W (+9),@,Zach Collins 2022-23 Advanced Game Log ,0.0,8.283333333333333,1.0,1.0,1.0,1.0,0.0,0.0,1.0,2.0,3.0,1.0,0.0,0.0,1.0,1.0,3.0,-6.0,1.5,1.5,14.5,27.0,20.9,15.6,0.0,0.0,50.0,10.6,138.0,112.0,3.3,3.7
3,2022-10-23,35-012,NOP,W (+1),@,Mike Conley 2022-23 Advanced Game Log ,1.0,36.3,3.0,12.0,1.0,6.0,0.0,0.0,0.0,2.0,2.0,8.0,0.0,1.0,1.0,1.0,7.0,-13.0,0.292,0.292,0.0,6.8,3.3,30.2,0.0,1.9,7.7,15.0,92.0,120.0,5.3,-6.9
3,2022-10-23,31-313,PHO,L (-17),,Robert Covington 2022-23 Advanced Game Log ,0.0,14.25,1.0,5.0,1.0,4.0,0.0,0.0,1.0,3.0,4.0,0.0,0.0,0.0,0.0,2.0,3.0,-5.0,0.3,0.3,7.5,21.5,14.6,0.0,0.0,0.0,0.0,16.1,76.0,121.0,0.7,-11.1
3,2022-10-23,31-308,LAC,W (+17),@,Torrey Craig 2022-23 Advanced Game Log ,0.0,24.833333333333332,3.0,7.0,2.0,5.0,0.0,0.0,3.0,6.0,9.0,2.0,0.0,0.0,0.0,1.0,8.0,1.0,0.571,0.571,12.3,25.8,18.9,10.4,0.0,0.0,0.0,12.3,142.0,101.0,9.2,3.1
3,2022-10-22,21-027,IND,L (-9),@,Cade Cunningham 2022-23 Advanced Game Log ,1.0,33.05,8.0,19.0,4.0,8.0,2.0,2.0,2.0,2.0,4.0,4.0,1.0,0.0,2.0,3.0,22.0,4.0,0.553,0.526,5.2,5.2,5.2,22.9,1.4,0.0,9.1,26.2,115.0,126.0,14.5,-1.8
3,2022-10-23,34-223,SAC,W (+5),,Stephen Curry 2022-23 Advanced Game Log ,1.0,31.35,11.0,22.0,7.0,12.0,4.0,4.0,0.0,5.0,5.0,2.0,1.0,0.0,2.0,3.0,33.0,19.0,0.694,0.659,0.0,17.4,8.7,10.9,1.4,0.0,7.8,34.0,124.0,115.0,22.7,6.2
3,2022-10-23,29-226,POR,L (-2),,Anthony Davis 2022-23 Advanced Game Log ,1.0,36.266666666666666,9.0,17.0,0.0,3.0,4.0,4.0,5.0,5.0,10.0,3.0,2.0,6.0,1.0,5.0,22.0,3.0,0.586,0.529,13.5,15.4,14.4,13.7,2.6,13.9,5.1,23.0,125.0,98.0,24.0,9.2
3,2022-10-22,33-076,CLE,L (-32),,DeMar DeRozan 2022-23 Advanced Game Log ,1.0,32.516666666666666,3.0,9.0,0.0,0.0,7.0,7.0,0.0,2.0,2.0,1.0,2.0,0.0,0.0,2.0,13.0,-6.0,0.538,0.333,0.0,8.9,3.6,5.0,3.1,0.0,0.0,17.0,119.0,134.0,10.4,-7.7
3,2022-10-22,33-071,TOR,W (+3),,Dewayne Dedmon 2022-23 Advanced Game Log ,0.0,12.333333333333334,1.0,1.0,0.0,0.0,0.0,0.0,1.0,2.0,3.0,1.0,0.0,0.0,1.0,2.0,2.0,-2.0,1.0,1.0,11.1,16.9,14.4,11.4,0.0,0.0,50.0,7.6,120.0,116.0,1.9,-5.3
3,2022-10-23,25-265,SAC,W (+5),,Donte DiVincenzo 2022-23 Advanced Game Log ,0.0,10.7,1.0,2.0,0.0,1.0,2.0,2.0,0.0,0.0,0.0,1.0,0.0,0.0,2.0,0.0,4.0,-1.0,0.694,0.5,0.0,0.0,0.0,11.1,0.0,0.0,41.0,18.9,90.0,123.0,1.7,-9.8
3,2022-10-22,24-083,IND,L (-9),@,Hamidou Diallo 2022-23 Advanced Game Log ,0.0,6.15,0.0,2.0,0.0,0.0,0.0,0.0,0.0,2.0,2.0,2.0,0.0,0.0,0.0,0.0,0.0,-8.0,0.0,0.0,0.0,27.9,13.9,42.2,0.0,0.0,0.0,12.9,62.0,117.0,0.6,-10.0
3,2022-10-23,23-187,MIN,L (-10),,Luguentz Dort 2022-23 Advanced Game Log ,1.0,29.9,6.0,15.0,2.0,7.0,6.0,6.0,1.0,2.0,3.0,2.0,2.0,0.0,2.0,1.0,20.0,-29.0,0.567,0.467,3.0,7.5,5.0,10.2,3.2,0.0,10.2,27.6,109.0,114.0,14.2,0.9
3,2022-10-22,22-278,CLE,L (-32),,Ayo Dosunmu 2022-23 Advanced Game Log ,1.0,27.5,2.0,7.0,1.0,4.0,0.0,0.0,1.0,3.0,4.0,3.0,0.0,0.0,0.0,3.0,5.0,-5.0,0.357,0.357,3.5,15.9,8.4,17.2,0.0,0.0,0.0,11.6,96.0,140.0,3.4,-11.5
3,2022-10-22,36-169,CLE,L (-32),,Goran Dragić 2022-23 Advanced Game Log ,0.0,11.416666666666666,2.0,4.0,0.0,1.0,0.0,0.0,0.0,2.0,2.0,3.0,0.0,0.0,1.0,1.0,4.0,-16.0,0.5,0.5,0.0,25.5,10.1,49.3,0.0,0.0,20.0,20.0,98.0,138.0,3.3,-10.0
3,2022-10-22,29-073,CLE,L (-32),,Andre Drummond 2022-23 Advanced Game Log ,0.0,13.1,3.0,8.0,0.0,1.0,2.0,2.0,3.0,4.0,7.0,0.0,2.0,0.0,3.0,2.0,8.0,-16.0,0.45,0.375,22.0,44.4,30.9,0.0,7.6,0.0,25.3,41.5,79.0,118.0,5.1,-13.6
3,2022-10-22,25-131,DET,W (+9),,Chris Duarte 2022-23 Advanced Game Log ,0.0,21.25,3.0,14.0,1.0,7.0,2.0,2.0,0.0,2.0,2.0,2.0,0.0,1.0,1.0,3.0,9.0,13.0,0.302,0.25,0.0,8.1,4.0,11.8,0.0,4.3,6.3,28.8,77.0,121.0,0.9,-20.2
3,2022-10-23,21-079,OKC,W (+10),@,Anthony Edwards 2022-23 Advanced Game Log ,1.0,33.53333333333333,13.0,19.0,3.0,7.0,1.0,3.0,2.0,9.0,11.0,3.0,1.0,0.0,5.0,4.0,30.0,22.0,0.738,0.763,6.7,24.3,16.4,15.7,1.4,0.0,19.7,32.2,118.0,104.0,21.7,4.7
3,2022-10-22,28-220,SAS,L (-9),,Joel Embiid 2022-23 Advanced Game Log ,1.0,35.95,14.0,25.0,0.0,2.0,12.0,15.0,3.0,10.0,13.0,3.0,1.0,2.0,2.0,2.0,40.0,6.0,0.633,0.56,9.3,33.4,20.9,21.9,1.4,5.2,6.0,41.4,130.0,114.0,33.7,9.8
3,2022-10-23,25-264,LAL,W (+2),@,Drew Eubanks 2022-23 Advanced Game Log ,0.0,13.483333333333333,0.0,1.0,0.0,0.0,4.0,6.0,2.0,1.0,3.0,0.0,0.0,1.0,0.0,0.0,4.0,-3.0,0.549,0.0,16.6,7.3,11.6,0.0,0.0,6.0,0.0,11.3,142.0,105.0,4.9,0.2
3,2022-10-23,29-092,OKC,W (+10),@,Bryn Forbes 2022-23 Advanced Game Log ,0.0,11.966666666666667,0.0,3.0,0.0,2.0,0.0,0.0,0.0,0.0,0.0,0.0,0.0,0.0,0.0,0.0,0.0,-13.0,0.0,0.0,0.0,0.0,0.0,0.0,0.0,0.0,0.0,10.7,0.0,115.0,-2.1,-17.7
3,2022-10-23,24-307,GSW,L (-5),@,De'Aaron Fox 2022-23 Advanced Game Log ,1.0,36.35,11.0,20.0,1.0,6.0,3.0,3.0,1.0,4.0,5.0,10.0,1.0,0.0,3.0,4.0,26.0,-7.0,0.61,0.575,3.0,12.0,7.5,40.7,1.2,0.0,12.3,25.3,125.0,122.0,21.7,3.0
3,2022-10-23,24-022,CLE,L (-10),@,Daniel Gafford 2022-23 Advanced Game Log ,0.0,14.8,1.0,2.0,0.0,0.0,0.0,0.0,1.0,1.0,2.0,0.0,0.0,1.0,1.0,2.0,2.0,-11.0,0.5,0.5,9.9,7.6,8.6,0.0,0.0,5.7,33.3,9.6,80.0,120.0,0.9,-9.9
3,2022-10-23,36-067,NOP,W (+1),@,Rudy Gay 2022-23 Advanced Game Log ,0.0,15.983333333333333,2.0,5.0,1.0,3.0,0.0,0.0,2.0,2.0,4.0,2.0,2.0,0.0,2.0,3.0,5.0,6.0,0.5,0.5,14.4,15.4,14.9,18.2,6.2,0.0,28.6,18.4,95.0,105.0,4.5,-0.1
3,2022-10-23,32-174,PHO,L (-17),,Paul George 2022-23 Advanced Game Log ,1.0,33.666666666666664,4.0,11.0,2.0,6.0,6.0,6.0,0.0,7.0,7.0,4.0,2.0,0.0,2.0,2.0,16.0,-7.0,0.587,0.455,0.0,21.2,10.8,18.8,3.0,0.0,12.8,21.3,115.0,114.0,14.0,3.3
3,2022-10-23,20-013,MIN,L (-10),,Josh Giddey 2022-23 Advanced Game Log ,1.0,21.7,5.0,11.0,0.0,2.0,0.0,0.0,0.0,2.0,2.0,5.0,0.0,0.0,3.0,2.0,10.0,-15.0,0.455,0.455,0.0,10.3,4.6,36.9,0.0,0.0,21.4,27.1,84.0,120.0,4.6,-7.7
3,2022-10-23,30-006,CLE,L (-10),@,Anthony Gill 2022-23 Advanced Game Log ,0.0,10.05,1.0,3.0,0.0,2.0,0.0,0.0,0.0,2.0,2.0,0.0,0.0,0.0,0.0,1.0,2.0,-9.0,0.333,0.333,0.0,22.4,12.7,0.0,0.0,0.0,0.0,14.2,66.0,117.0,0.5,-12.3
3,2022-10-23,30-119,OKC,W (+10),@,Rudy Gobert 2022-23 Advanced Game Log ,1.0,24.616666666666667,7.0,9.0,0.0,1.0,1.0,3.0,2.0,13.0,15.0,1.0,0.0,1.0,1.0,2.0,15.0,-1.0,0.727,0.778,9.1,47.8,30.5,6.0,0.0,3.7,8.8,19.6,136.0,98.0,15.6,5.0
3,2022-10-22,27-036,OKC,W (+5),,Aaron Gordon 2022-23 Advanced Game Log ,1.0,28.366666666666667,3.0,9.0,1.0,3.0,4.0,8.0,5.0,5.0,10.0,2.0,0.0,2.0,2.0,0.0,11.0,19.0,0.439,0.389,18.4,18.0,18.2,9.2,0.0,6.0,13.8,21.1,102.0,111.0,10.1,-4.7
3,2022-10-23,27-243,UTA,L (-1),,Devonte' Graham 2022-23 Advanced Game Log ,0.0,14.916666666666666,1.0,2.0,1.0,1.0,0.0,0.0,0.0,1.0,1.0,2.0,1.0,1.0,1.0,1.0,3.0,1.0,0.75,0.75,0.0,7.7,4.0,16.0,3.3,5.9,33.3,8.3,113.0,111.0,4.0,5.8
3,2022-10-23,28-225,LAL,W (+2),@,Jerami Grant 2022-23 Advanced Game Log ,1.0,34.7,5.0,11.0,2.0,3.0,4.0,4.0,0.0,2.0,2.0,1.0,0.0,0.0,1.0,3.0,16.0,0.0,0.627,0.545,0.0,5.6,3.0,4.6,0.0,0.0,7.3,16.6,128.0,110.0,9.4,-1.7
3,2022-10-23,32-233,SAC,W (+5),,Draymond Green 2022-23 Advanced Game Log ,1.0,28.35,3.0,4.0,0.0,0.0,1.0,2.0,1.0,3.0,4.0,4.0,0.0,0.0,2.0,2.0,7.0,17.0,0.717,0.75,3.8,11.5,7.7,17.0,0.0,0.0,29.1,10.1,123.0,120.0,6.6,-3.9
3,2022-10-23,32-124,SAC,W (+5),,JaMychal Green 2022-23 Advanced Game Log ,0.0,12.95,1.0,2.0,0.0,1.0,1.0,2.0,2.0,2.0,4.0,0.0,2.0,1.0,0.0,2.0,3.0,-5.0,0.521,0.5,16.8,16.8,16.8,0.0,6.8,6.5,0.0,9.2,137.0,100.0,5.5,3.2
3,2022-10-23,32-124,SAC,W (+5),,JaMychal Green 2022-23 Advanced Game Log ,0.0,12.95,1.0,2.0,0.0,1.0,1.0,2.0,2.0,2.0,4.0,0.0,2.0,1.0,0.0,2.0,3.0,-5.0,0.521,0.5,16.8,16.8,16.8,0.0,6.8,6.5,0.0,9.2,137.0,100.0,5.5,3.2
3,2022-10-23,32-124,SAC,W (+5),,JaMychal Green 2022-23 Advanced Game Log ,0.0,12.95,1.0,2.0,0.0,1.0,1.0,2.0,2.0,2.0,4.0,0.0,2.0,1.0,0.0,2.0,3.0,-5.0,0.521,0.5,16.8,16.8,16.8,0.0,6.8,6.5,0.0,9.2,137.0,100.0,5.5,3.2
3,2022-10-23,24-257,CLE,L (-10),@,Rui Hachimura 2022-23 Advanced Game Log ,0.0,20.316666666666666,7.0,12.0,2.0,3.0,0.0,0.0,1.0,2.0,3.0,1.0,0.0,0.0,1.0,1.0,16.0,-5.0,0.667,0.667,7.2,11.1,9.4,10.5,0.0,0.0,7.7,30.4,116.0,122.0,11.0,3.7
3,2022-10-22,22-235,DET,W (+9),,Tyrese Haliburton 2022-23 Advanced Game Log ,1.0,32.05,7.0,16.0,3.0,6.0,7.0,8.0,2.0,2.0,4.0,10.0,5.0,0.0,1.0,2.0,24.0,1.0,0.615,0.531,5.3,5.3,5.3,43.4,7.4,0.0,4.9,24.7,148.0,107.0,27.4,13.8
3,2022-10-22,33-057,SAS,L (-9),,James Harden 2022-23 Advanced Game Log ,1.0,40.3,4.0,18.0,1.0,6.0,3.0,4.0,4.0,5.0,9.0,12.0,1.0,2.0,2.0,3.0,12.0,0.0,0.304,0.25,11.1,14.9,12.9,44.3,1.3,4.7,9.2,23.9,97.0,120.0,12.5,-4.4
3,2022-10-22,28-269,SAS,L (-9),,Montrezl Harrell 2022-23 Advanced Game Log ,0.0,9.233333333333333,0.0,0.0,0.0,0.0,0.0,0.0,2.0,0.0,2.0,0.0,0.0,0.0,0.0,0.0,0.0,-12.0,0.0,0.0,24.2,0.0,12.5,0.0,0.0,0.0,0.0,0.0,221.0,131.0,1.4,-9.6
3,2022-10-22,30-099,SAS,L (-9),,Tobias Harris 2022-23 Advanced Game Log ,1.0,35.666666666666664,6.0,11.0,3.0,6.0,0.0,0.0,0.0,4.0,4.0,2.0,0.0,0.0,1.0,2.0,15.0,-6.0,0.682,0.682,0.0,13.5,6.5,9.3,0.0,0.0,8.3,14.9,124.0,126.0,10.5,-4.4
3,2022-10-23,27-231,LAL,W (+2),@,Josh Hart 2022-23 Advanced Game Log ,1.0,36.45,3.0,5.0,1.0,1.0,2.0,2.0,2.0,14.0,16.0,5.0,2.0,0.0,3.0,2.0,9.0,-4.0,0.765,0.7,6.1,37.6,22.9,19.9,2.6,0.0,33.8,10.2,122.0,96.0,14.0,4.0
3,2022-10-22,24-318,ORL,W (+6),@,Sam Hauser 2022-23 Advanced Game Log ,0.0,6.766666666666667,3.0,4.0,3.0,4.0,0.0,0.0,0.0,2.0,2.0,0.0,0.0,0.0,0.0,0.0,9.0,2.0,1.125,1.125,0.0,33.8,16.7,0.0,0.0,0.0,0.0,26.4,184.0,121.0,8.0,29.2
3,2022-10-22,21-087,IND,L (-9),@,Killian Hayes 2022-23 Advanced Game Log ,0.0,17.483333333333334,2.0,4.0,1.0,3.0,0.0,0.0,0.0,0.0,0.0,2.0,0.0,1.0,0.0,2.0,5.0,-12.0,0.625,0.625,0.0,0.0,0.0,17.4,0.0,4.5,0.0,9.1,145.0,130.0,4.3,-3.2
3,2022-10-23,32-214,ATL,W (+17),@,Gordon Hayward 2022-23 Advanced Game Log ,1.0,31.3,4.0,10.0,1.0,4.0,3.0,5.0,0.0,3.0,3.0,5.0,1.0,0.0,4.0,0.0,12.0,0.0,0.492,0.45,0.0,8.5,4.7,18.8,1.5,0.0,24.7,21.4,91.0,112.0,7.2,-7.3
3,2022-10-22,22-275,TOR,W (+3),,Tyler Herro 2022-23 Advanced Game Log ,1.0,22.283333333333335,4.0,8.0,1.0,4.0,5.0,5.0,2.0,6.0,8.0,6.0,0.0,0.0,2.0,5.0,14.0,0.0,0.686,0.563,12.3,28.1,21.3,44.0,0.0,0.0,16.4,25.5,137.0,114.0,13.4,5.6
3,2022-10-22,29-309,DET,W (+9),,Buddy Hield 2022-23 Advanced Game Log ,1.0,15.533333333333333,2.0,8.0,2.0,6.0,0.0,0.0,1.0,1.0,2.0,1.0,0.0,1.0,2.0,1.0,6.0,0.0,0.375,0.375,5.5,5.5,5.5,8.0,0.0,5.8,20.0,24.8,76.0,121.0,1.2,-14.7
3,2022-10-23,26-023,CHO,L (-17),,Aaron Holiday 2022-23 Advanced Game Log ,0.0,13.7,0.0,4.0,0.0,2.0,2.0,2.0,0.0,0.0,0.0,0.0,1.0,0.0,1.0,1.0,2.0,-22.0,0.205,0.0,0.0,0.0,0.0,0.0,3.5,0.0,17.0,17.3,41.0,127.0,-1.2,-18.8
3,2022-10-23,33-201,CHO,L (-17),,Justin Holiday 2022-23 Advanced Game Log ,0.0,17.216666666666665,1.0,7.0,1.0,5.0,0.0,0.0,0.0,0.0,0.0,0.0,0.0,1.0,0.0,1.0,3.0,-18.0,0.214,0.214,0.0,0.0,0.0,0.0,0.0,4.4,0.0,16.4,52.0,132.0,-1.2,-15.9
3,2022-10-23,29-008,GSW,L (-5),@,Richaun Holmes 2022-23 Advanced Game Log ,0.0,16.25,6.0,8.0,0.0,0.0,3.0,4.0,3.0,2.0,5.0,0.0,1.0,0.0,3.0,3.0,15.0,8.0,0.768,0.75,20.1,13.4,16.8,0.0,2.7,0.0,23.5,29.7,116.0,118.0,10.9,-0.4
3,2022-10-23,21-332,NOP,W (+1),@,Talen Horton-Tucker 2022-23 Advanced Game Log ,0.0,9.2,3.0,5.0,1.0,2.0,0.0,0.0,0.0,3.0,3.0,0.0,1.0,0.0,2.0,0.0,7.0,-8.0,0.7,0.7,0.0,40.2,19.4,0.0,5.4,0.0,28.6,31.9,84.0,100.0,4.6,2.8
3,2022-10-22,29-137,SAS,L (-9),,Danuel House Jr. 2022-23 Advanced Game Log ,0.0,16.766666666666666,1.0,2.0,0.0,1.0,0.0,0.0,2.0,0.0,2.0,1.0,0.0,1.0,2.0,1.0,2.0,-8.0,0.5,0.5,13.3,0.0,6.9,8.4,0.0,5.6,50.0,10.6,78.0,127.0,1.4,-11.0
3,2022-10-23,24-057,GSW,L (-5),@,Kevin Huerter 2022-23 Advanced Game Log ,1.0,30.933333333333334,3.0,14.0,1.0,8.0,2.0,2.0,0.0,5.0,5.0,4.0,0.0,0.0,2.0,3.0,9.0,5.0,0.302,0.25,0.0,17.6,8.8,14.7,0.0,0.0,11.8,20.6,74.0,124.0,1.5,-14.3
3,2022-10-23,24-325,CHO,L (-17),,De'Andre Hunter 2022-23 Advanced Game Log ,1.0,31.216666666666665,4.0,11.0,1.0,5.0,1.0,2.0,2.0,3.0,5.0,4.0,1.0,0.0,1.0,3.0,10.0,-2.0,0.421,0.409,5.7,10.7,7.9,18.7,1.5,0.0,7.8,16.6,101.0,128.0,7.4,-6.0
3,2022-10-22,22-038,OKC,W (+5),,Bones Hyland 2022-23 Advanced Game Log ,0.0,14.283333333333333,0.0,5.0,0.0,1.0,1.0,2.0,0.0,1.0,1.0,3.0,0.0,0.0,1.0,2.0,1.0,-15.0,0.085,0.0,0.0,7.2,3.6,24.0,0.0,0.0,14.5,19.8,48.0,118.0,-2.3,-22.3
3,2022-10-23,25-051,UTA,L (-1),,Brandon Ingram 2022-23 Advanced Game Log ,1.0,10.816666666666666,4.0,5.0,1.0,2.0,1.0,2.0,0.0,1.0,1.0,0.0,1.0,0.0,1.0,0.0,10.0,0.0,0.85,0.9,0.0,10.7,5.5,0.0,4.6,0.0,14.5,26.2,126.0,110.0,8.0,14.7
3,2022-10-22,20-285,DET,W (+9),,Isaiah Jackson 2022-23 Advanced Game Log ,1.0,21.55,2.0,6.0,0.0,0.0,4.0,5.0,2.0,3.0,5.0,1.0,0.0,5.0,0.0,3.0,8.0,3.0,0.488,0.333,8.0,11.9,9.9,5.5,0.0,21.0,0.0,14.7,129.0,110.0,9.5,-2.6
3,2022-10-23,32-190,PHO,L (-17),,Reggie Jackson 2022-23 Advanced Game Log ,1.0,23.75,0.0,5.0,0.0,2.0,0.0,0.0,0.0,2.0,2.0,2.0,1.0,0.0,0.0,0.0,0.0,-14.0,0.0,0.0,0.0,8.6,4.4,11.2,2.1,0.0,0.0,9.6,25.0,121.0,-0.5,-12.1
3,2022-10-23,37-297,POR,L (-2),,LeBron James 2022-23 Advanced Game Log ,1.0,37.71666666666667,12.0,22.0,2.0,9.0,5.0,7.0,1.0,7.0,8.0,8.0,2.0,2.0,4.0,3.0,31.0,2.0,0.618,0.591,2.6,20.7,11.1,39.6,2.5,4.5,13.8,32.5,114.0,102.0,26.2,12.8
3,2022-10-22,23-011,PHI,W (+9),@,Keldon Johnson 2022-23 Advanced Game Log ,1.0,31.75,7.0,17.0,3.0,8.0,4.0,5.0,2.0,6.0,8.0,0.0,1.0,0.0,3.0,1.0,21.0,13.0,0.547,0.5,7.6,21.1,14.6,0.0,1.6,0.0,13.5,30.6,102.0,111.0,12.3,-6.5
3,2022-10-22,27-245,OKC,W (+5),,Nikola Jokić 2022-23 Advanced Game Log ,1.0,38.68333333333333,6.0,10.0,1.0,1.0,6.0,9.0,1.0,15.0,16.0,13.0,1.0,1.0,3.0,2.0,19.0,18.0,0.681,0.65,2.7,39.6,21.3,46.7,1.2,2.2,17.7,18.0,142.0,105.0,25.4,10.7
3,2022-10-23,24-017,UTA,L (-1),,Herbert Jones 2022-23 Advanced Game Log ,1.0,35.45,3.0,9.0,0.0,3.0,3.0,5.0,1.0,3.0,4.0,1.0,0.0,1.0,3.0,6.0,9.0,-1.0,0.402,0.333,3.5,9.8,6.7,3.4,0.0,2.5,21.1,16.5,75.0,119.0,0.7,-11.8
3,2022-10-22,22-287,PHI,W (+9),@,Tre Jones 2022-23 Advanced Game Log ,1.0,30.433333333333334,6.0,12.0,0.0,0.0,5.0,5.0,0.0,1.0,1.0,4.0,1.0,0.0,4.0,1.0,17.0,-1.0,0.599,0.5,0.0,3.7,1.9,18.8,1.7,0.0,22.0,26.2,106.0,117.0,10.7,-7.3
3,2022-10-22,26-165,DAL,L (-41),@,Tyus Jones 2022-23 Advanced Game Log ,0.0,24.083333333333332,3.0,8.0,2.0,6.0,2.0,3.0,0.0,0.0,0.0,5.0,1.0,1.0,1.0,0.0,10.0,-21.0,0.536,0.5,0.0,0.0,0.0,35.6,2.0,3.9,9.7,19.3,112.0,139.0,9.4,1.8
3,2022-10-22,31-063,IND,L (-9),@,Cory Joseph 2022-23 Advanced Game Log ,0.0,16.05,3.0,6.0,2.0,3.0,2.0,2.0,0.0,1.0,1.0,3.0,0.0,0.0,0.0,2.0,10.0,-5.0,0.727,0.667,0.0,5.3,2.7,32.0,0.0,0.0,0.0,17.0,165.0,129.0,8.6,3.0
3,2022-10-23,26-121,PHO,L (-17),,Luke Kennard 2022-23 Advanced Game Log ,0.0,17.8,1.0,4.0,0.0,1.0,0.0,0.0,0.0,3.0,3.0,0.0,0.0,0.0,3.0,3.0,2.0,-4.0,0.25,0.25,0.0,17.2,8.8,0.0,0.0,0.0,42.9,18.0,28.0,122.0,-3.7,-22.3
3,2022-10-22,26-214,DAL,L (-41),@,John Konchar 2022-23 Advanced Game Log ,1.0,20.433333333333334,2.0,4.0,1.0,3.0,0.0,0.0,1.0,1.0,2.0,0.0,0.0,0.0,1.0,2.0,5.0,-27.0,0.625,0.625,5.5,6.2,5.8,0.0,0.0,0.0,20.0,11.0,99.0,143.0,2.2,-10.4
3,2022-10-23,20-017,SAC,W (+5),,Jonathan Kuminga 2022-23 Advanced Game Log ,0.0,7.366666666666666,1.0,2.0,0.0,0.0,2.0,2.0,0.0,0.0,0.0,0.0,0.0,0.0,1.0,2.0,4.0,-11.0,0.694,0.5,0.0,0.0,0.0,0.0,0.0,0.0,25.8,21.8,103.0,123.0,1.2,-12.9
3,2022-10-23,27-091,CLE,L (-10),@,Kyle Kuzma 2022-23 Advanced Game Log ,1.0,37.43333333333333,4.0,8.0,1.0,2.0,2.0,4.0,0.0,2.0,2.0,3.0,0.0,2.0,0.0,4.0,11.0,-5.0,0.564,0.563,0.0,6.0,3.4,11.4,0.0,4.5,0.0,12.4,121.0,121.0,8.7,-2.0
3,2022-10-23,26-363,LAC,W (+17),@,Jock Landale 2022-23 Advanced Game Log ,0.0,17.316666666666666,4.0,8.0,0.0,2.0,1.0,1.0,2.0,8.0,10.0,1.0,0.0,0.0,0.0,0.0,9.0,13.0,0.533,0.5,11.8,49.3,30.1,8.7,0.0,0.0,0.0,21.2,126.0,96.0,9.5,3.0
3,2022-10-23,28-059,WAS,W (+10),,Caris LeVert 2022-23 Advanced Game Log ,1.0,35.9,4.0,14.0,2.0,6.0,0.0,0.0,0.0,3.0,3.0,4.0,2.0,0.0,2.0,4.0,10.0,15.0,0.357,0.357,0.0,12.3,5.3,16.8,2.9,0.0,12.5,19.7,84.0,104.0,3.9,-8.6
3,2022-10-23,32-100,LAL,W (+2),@,Damian Lillard 2022-23 Advanced Game Log ,1.0,34.18333333333333,15.0,25.0,6.0,13.0,5.0,7.0,1.0,4.0,5.0,2.0,0.0,1.0,6.0,3.0,41.0,2.0,0.73,0.72,3.3,11.5,7.6,17.6,0.0,2.4,17.6,41.7,118.0,107.0,25.5,12.0
3,2022-10-23,22-254,LAL,W (+2),@,Nassir Little 2022-23 Advanced Game Log ,0.0,14.016666666666667,3.0,6.0,1.0,3.0,0.0,0.0,0.0,3.0,3.0,1.0,0.0,0.0,0.0,0.0,7.0,0.0,0.583,0.583,0.0,21.0,11.2,12.8,0.0,0.0,0.0,17.9,130.0,106.0,5.6,3.5
3,2022-10-23,26-259,SAC,W (+5),,Kevon Looney 2022-23 Advanced Game Log ,1.0,24.766666666666666,3.0,4.0,0.0,0.0,0.0,2.0,2.0,6.0,8.0,6.0,0.0,1.0,0.0,3.0,6.0,18.0,0.615,0.75,8.8,26.4,17.6,29.7,0.0,3.4,0.0,8.2,162.0,114.0,10.5,5.2
3,2022-10-23,34-046,WAS,W (+10),,Kevin Love 2022-23 Advanced Game Log ,0.0,14.366666666666667,2.0,6.0,1.0,4.0,0.0,0.0,0.0,7.0,7.0,0.0,0.0,0.0,1.0,1.0,5.0,2.0,0.417,0.417,0.0,71.7,31.1,0.0,0.0,0.0,14.3,21.5,79.0,105.0,2.3,-9.6
3,2022-10-22,36-211,TOR,W (+3),,Kyle Lowry 2022-23 Advanced Game Log ,1.0,37.25,5.0,11.0,3.0,7.0,4.0,4.0,0.0,2.0,2.0,6.0,1.0,0.0,3.0,4.0,17.0,-7.0,0.666,0.591,0.0,5.6,3.2,24.5,1.4,0.0,19.0,19.7,117.0,116.0,12.5,-1.8
3,2022-10-23,26-005,PHO,L (-17),,Terance Mann 2022-23 Advanced Game Log ,0.0,9.366666666666667,4.0,5.0,1.0,2.0,0.0,0.0,1.0,1.0,2.0,0.0,0.0,0.0,0.0,2.0,9.0,-8.0,0.9,0.9,11.4,10.9,11.1,0.0,0.0,0.0,0.0,24.4,171.0,125.0,7.3,14.3
3,2022-10-23,21-262,MIN,L (-10),,Tre Mann 2022-23 Advanced Game Log ,1.0,27.533333333333335,5.0,12.0,0.0,6.0,0.0,1.0,2.0,1.0,3.0,3.0,1.0,0.0,2.0,3.0,10.0,-3.0,0.402,0.417,6.6,4.1,5.4,16.2,1.7,0.0,13.9,22.0,84.0,118.0,4.8,-9.7
3,2022-10-23,25-154,NOP,W (+1),@,Lauri Markkanen 2022-23 Advanced Game Log ,1.0,39.266666666666666,9.0,17.0,2.0,6.0,11.0,11.0,3.0,9.0,12.0,2.0,2.0,1.0,2.0,3.0,31.0,6.0,0.71,0.588,8.8,28.3,18.2,8.7,2.5,1.8,8.4,25.5,144.0,108.0,28.4,9.6
3,2022-10-23,24-272,UTA,L (-1),,Naji Marshall 2022-23 Advanced Game Log ,0.0,13.5,2.0,6.0,0.0,2.0,3.0,4.0,0.0,1.0,1.0,0.0,2.0,1.0,0.0,1.0,7.0,-7.0,0.451,0.333,0.0,8.5,4.4,0.0,7.3,6.5,0.0,23.7,106.0,101.0,5.8,4.1
3,2022-10-22,25-363,MIL,L (-20),@,Garrison Mathews 2022-23 Advanced Game Log ,0.0,12.566666666666666,0.0,1.0,0.0,1.0,1.0,1.0,0.0,0.0,0.0,0.0,0.0,0.0,1.0,1.0,1.0,-13.0,0.347,0.0,0.0,0.0,0.0,0.0,0.0,0.0,41.0,8.1,44.0,133.0,-1.1,-19.9
3,2022-10-22,21-352,SAS,L (-9),,Tyrese Maxey 2022-23 Advanced Game Log ,1.0,39.63333333333333,8.0,18.0,3.0,8.0,6.0,9.0,1.0,2.0,3.0,6.0,1.0,0.0,3.0,3.0,25.0,-11.0,0.569,0.528,2.8,6.1,4.4,26.6,1.3,0.0,12.0,27.9,113.0,126.0,16.7,-3.5
3,2022-10-23,31-034,UTA,L (-1),,CJ McCollum 2022-23 Advanced Game Log ,1.0,40.71666666666667,12.0,25.0,2.0,8.0,2.0,2.0,0.0,4.0,4.0,12.0,1.0,0.0,2.0,2.0,28.0,9.0,0.541,0.52,0.0,11.3,5.9,48.2,1.2,0.0,7.2,28.2,123.0,117.0,23.1,6.8
3,2022-10-23,24-265,ATL,W (+17),@,Jalen McDaniels 2022-23 Advanced Game Log ,0.0,20.35,3.0,6.0,1.0,3.0,2.0,2.0,1.0,4.0,5.0,3.0,0.0,1.0,1.0,3.0,9.0,13.0,0.654,0.583,5.5,17.5,12.2,17.7,0.0,3.9,12.7,16.0,136.0,109.0,8.5,1.9
3,2022-10-23,24-265,ATL,W (+17),@,Jalen McDaniels 2022-23 Advanced Game Log ,0.0,20.35,3.0,6.0,1.0,3.0,2.0,2.0,1.0,4.0,5.0,3.0,0.0,1.0,1.0,3.0,9.0,13.0,0.654,0.583,5.5,17.5,12.2,17.7,0.0,3.9,12.7,16.0,136.0,109.0,8.5,1.9
3,2022-10-22,30-292,PHI,W (+9),@,Doug McDermott 2022-23 Advanced Game Log ,0.0,24.4,5.0,9.0,4.0,5.0,0.0,0.0,0.0,3.0,3.0,1.0,0.0,1.0,1.0,1.0,14.0,19.0,0.778,0.778,0.0,13.7,7.1,5.9,0.0,3.7,10.0,17.9,136.0,115.0,10.6,3.6
3,2022-10-23,26-197,OKC,W (+10),@,Jordan McLaughlin 2022-23 Advanced Game Log ,0.0,21.366666666666667,0.0,2.0,0.0,1.0,0.0,0.0,2.0,1.0,3.0,4.0,0.0,0.0,0.0,0.0,0.0,23.0,0.0,0.0,10.4,4.2,7.0,19.5,0.0,0.0,0.0,4.0,123.0,113.0,3.1,-4.0
3,2022-10-22,24-147,SAS,L (-9),,De'Anthony Melton 2022-23 Advanced Game Log ,0.0,15.583333333333334,0.0,3.0,0.0,2.0,0.0,0.0,0.0,3.0,3.0,1.0,2.0,0.0,0.0,2.0,0.0,-7.0,0.0,0.0,0.0,23.1,11.1,8.3,6.6,0.0,0.0,8.5,23.0,108.0,0.7,-11.3
3,2022-10-23,24-048,GSW,L (-5),@,Davion Mitchell 2022-23 Advanced Game Log ,0.0,11.766666666666667,3.0,5.0,1.0,2.0,0.0,0.0,0.0,1.0,1.0,3.0,0.0,0.0,1.0,4.0,7.0,2.0,0.7,0.7,0.0,9.3,4.6,35.2,0.0,0.0,16.7,19.3,128.0,124.0,4.5,-2.0
3,2022-10-23,26-046,WAS,W (+10),,Donovan Mitchell 2022-23 Advanced Game Log ,1.0,44.56666666666667,12.0,29.0,5.0,12.0,8.0,9.0,2.0,3.0,5.0,4.0,3.0,1.0,6.0,2.0,37.0,4.0,0.561,0.5,5.1,9.9,7.2,17.8,3.5,2.0,15.4,38.6,110.0,101.0,23.1,4.6
3,2022-10-23,21-127,WAS,W (+10),,Evan Mobley 2022-23 Advanced Game Log ,1.0,36.583333333333336,2.0,7.0,0.0,0.0,6.0,6.0,2.0,5.0,7.0,2.0,2.0,1.0,2.0,3.0,10.0,-3.0,0.519,0.286,6.2,20.1,12.2,7.6,2.8,2.5,17.2,14.1,111.0,101.0,9.7,-2.9
3,2022-10-23,24-261,GSW,L (-5),@,Malik Monk 2022-23 Advanced Game Log ,0.0,28.55,6.0,15.0,4.0,10.0,0.0,0.0,3.0,4.0,7.0,8.0,3.0,0.0,1.0,0.0,16.0,2.0,0.533,0.533,11.5,15.3,13.4,36.4,4.6,0.0,6.3,21.2,129.0,115.0,18.8,11.6
3,2022-10-23,20-145,SAC,W (+5),,Moses Moody 2022-23 Advanced Game Log ,0.0,18.15,0.0,1.0,0.0,1.0,3.0,4.0,0.0,1.0,1.0,0.0,0.0,1.0,2.0,1.0,3.0,-8.0,0.543,0.0,0.0,6.0,3.0,0.0,0.0,4.6,42.0,10.9,65.0,119.0,0.5,-9.6
3,2022-10-22,23-073,DAL,L (-41),@,Ja Morant 2022-23 Advanced Game Log ,1.0,29.516666666666666,6.0,12.0,0.0,2.0,8.0,8.0,0.0,1.0,1.0,4.0,1.0,0.0,3.0,3.0,20.0,-31.0,0.644,0.5,0.0,4.3,2.0,26.8,1.6,0.0,16.2,28.3,116.0,140.0,13.9,-3.1
3,2022-10-23,27-118,CLE,L (-10),@,Monte Morris 2022-23 Advanced Game Log ,1.0,26.5,5.0,8.0,3.0,3.0,0.0,0.0,0.0,3.0,3.0,6.0,0.0,0.0,1.0,3.0,13.0,6.0,0.813,0.813,0.0,12.8,7.2,36.4,0.0,0.0,11.1,16.1,150.0,121.0,12.3,5.5
3,2022-10-23,26-034,CHO,L (-17),,Dejounte Murray 2022-23 Advanced Game Log ,1.0,38.8,7.0,15.0,2.0,4.0,3.0,3.0,1.0,7.0,8.0,5.0,1.0,1.0,4.0,2.0,19.0,-11.0,0.582,0.533,2.3,20.1,10.2,20.4,1.2,1.9,19.7,21.1,104.0,125.0,14.5,-3.3
3,2022-10-23,31-114,MIN,L (-10),,Mike Muscala 2022-23 Advanced Game Log ,0.0,11.266666666666667,4.0,6.0,1.0,3.0,2.0,2.0,1.0,8.0,9.0,0.0,0.0,1.0,0.0,1.0,11.0,10.0,0.799,0.75,8.0,79.3,39.9,0.0,0.0,7.9,0.0,25.7,159.0,99.0,11.8,18.3
3,2022-10-22,23-006,DET,W (+9),,Aaron Nesmith 2022-23 Advanced Game Log ,1.0,23.25,2.0,5.0,1.0,3.0,2.0,2.0,0.0,1.0,1.0,0.0,0.0,3.0,1.0,3.0,7.0,-3.0,0.595,0.5,0.0,3.7,1.8,0.0,0.0,11.7,14.5,11.4,109.0,119.0,4.5,-8.0
3,2022-10-23,30-157,WAS,W (+10),,Raul Neto 2022-23 Advanced Game Log ,0.0,8.1,2.0,5.0,0.0,1.0,0.0,0.0,1.0,0.0,1.0,0.0,1.0,0.0,0.0,0.0,4.0,8.0,0.4,0.4,13.9,0.0,7.9,0.0,6.4,0.0,0.0,27.3,101.0,98.0,3.0,-0.5
3,2022-10-22,29-127,SAS,L (-9),,Georges Niang 2022-23 Advanced Game Log ,0.0,15.033333333333333,3.0,4.0,2.0,3.0,0.0,0.0,0.0,0.0,0.0,0.0,0.0,0.0,1.0,1.0,8.0,-8.0,1.0,1.0,0.0,0.0,0.0,0.0,0.0,0.0,20.0,14.7,126.0,131.0,5.0,-2.1
3,2022-10-23,23-106,OKC,W (+10),@,Jaylen Nowell 2022-23 Advanced Game Log ,0.0,23.766666666666666,5.0,16.0,1.0,6.0,3.0,4.0,1.0,5.0,6.0,1.0,2.0,0.0,1.0,0.0,14.0,4.0,0.394,0.344,4.7,19.1,12.6,5.6,4.0,0.0,5.3,33.6,89.0,101.0,8.3,-6.9
3,2022-10-23,28-061,LAL,W (+2),@,Jusuf Nurkić 2022-23 Advanced Game Log ,1.0,30.016666666666666,2.0,5.0,0.0,0.0,2.0,2.0,3.0,10.0,13.0,4.0,0.0,1.0,2.0,3.0,6.0,3.0,0.51,0.4,11.2,32.6,22.6,18.9,0.0,2.7,25.4,11.0,112.0,101.0,8.7,0.5
3,2022-10-22,24-065,BOS,L (-6),,Chuma Okeke 2022-23 Advanced Game Log ,0.0,16.133333333333333,3.0,3.0,2.0,2.0,0.0,0.0,2.0,2.0,4.0,2.0,0.0,0.0,0.0,3.0,8.0,-1.0,1.333,1.333,14.2,13.8,14.0,16.5,0.0,0.0,0.0,7.8,253.0,134.0,9.3,8.3
3,2022-10-23,24-052,LAC,W (+17),@,Josh Okogie 2022-23 Advanced Game Log ,0.0,1.2333333333333334,0.0,0.0,0.0,0.0,2.0,2.0,0.0,1.0,1.0,0.0,0.0,0.0,0.0,0.0,2.0,2.0,1.136,0.0,0.0,86.5,42.3,0.0,0.0,0.0,0.0,31.1,250.0,86.0,2.3,38.7
3,2022-10-23,21-316,CHO,L (-17),,Onyeka Okongwu 2022-23 Advanced Game Log ,0.0,23.383333333333333,4.0,6.0,0.0,0.0,2.0,4.0,3.0,2.0,5.0,1.0,1.0,2.0,2.0,4.0,10.0,1.0,0.644,0.667,11.4,9.5,10.6,6.7,2.0,6.4,20.5,16.8,112.0,123.0,8.8,-4.1
3,2022-10-23,21-270,WAS,W (+10),,Isaac Okoro 2022-23 Advanced Game Log ,1.0,20.316666666666666,1.0,4.0,0.0,2.0,0.0,0.0,0.0,2.0,2.0,0.0,1.0,0.0,0.0,2.0,2.0,-5.0,0.25,0.25,0.0,14.5,6.3,0.0,2.5,0.0,0.0,8.7,62.0,105.0,0.4,-9.7
3,2022-10-23,23-178,GSW,L (-5),@,KZ Okpala 2022-23 Advanced Game Log ,1.0,3.566666666666667,0.0,1.0,0.0,1.0,0.0,0.0,1.0,0.0,1.0,0.0,0.0,0.0,0.0,0.0,0.0,-10.0,0.0,0.0,30.6,0.0,15.3,0.0,0.0,0.0,0.0,10.6,67.0,127.0,0.0,-14.7
3,2022-10-23,31-187,NOP,W (+1),@,Kelly Olynyk 2022-23 Advanced Game Log ,1.0,37.28333333333333,7.0,12.0,2.0,3.0,4.0,5.0,1.0,2.0,3.0,5.0,1.0,0.0,1.0,4.0,20.0,-8.0,0.704,0.667,3.1,6.6,4.8,21.5,1.3,0.0,6.6,17.1,147.0,118.0,17.2,4.6
3,2022-10-23,25-251,MIN,L (-10),,Eugene Omoruyi 2022-23 Advanced Game Log ,0.0,11.883333333333333,5.0,7.0,1.0,2.0,2.0,3.0,1.0,2.0,3.0,1.0,0.0,0.0,0.0,2.0,13.0,5.0,0.781,0.786,7.6,18.8,12.6,19.4,0.0,0.0,0.0,29.4,155.0,118.0,10.9,14.8
3,2022-10-23,26-318,ATL,W (+17),@,Kelly Oubre Jr. 2022-23 Advanced Game Log ,1.0,32.5,9.0,20.0,3.0,6.0,3.0,3.0,2.0,8.0,10.0,0.0,1.0,0.0,1.0,4.0,24.0,12.0,0.563,0.525,6.9,21.9,15.2,0.0,1.5,0.0,4.5,28.4,119.0,106.0,15.8,-3.0
3,2022-10-23,37-170,LAC,W (+17),@,Chris Paul 2022-23 Advanced Game Log ,1.0,32.61666666666667,3.0,11.0,1.0,8.0,0.0,0.0,3.0,5.0,8.0,11.0,1.0,1.0,2.0,2.0,7.0,15.0,0.318,0.318,9.4,16.4,12.8,42.0,1.6,2.9,15.4,17.3,106.0,98.0,10.7,0.8
3,2022-10-23,28-076,LAC,W (+17),@,Cameron Payne 2022-23 Advanced Game Log ,0.0,14.566666666666666,4.0,11.0,1.0,3.0,1.0,2.0,0.0,1.0,1.0,2.0,1.0,0.0,2.0,0.0,10.0,0.0,0.421,0.409,0.0,7.3,3.6,22.1,3.5,0.0,14.4,41.5,81.0,99.0,4.2,-8.3
3,2022-10-23,32-232,ATL,W (+17),@,Mason Plumlee 2022-23 Advanced Game Log ,1.0,26.416666666666668,2.0,4.0,0.0,0.0,4.0,9.0,1.0,7.0,8.0,6.0,0.0,1.0,2.0,2.0,8.0,-7.0,0.503,0.5,4.2,23.6,15.0,25.1,0.0,3.0,20.1,15.6,110.0,107.0,8.9,0.6
3,2022-10-22,27-007,PHI,W (+9),@,Jakob Poeltl 2022-23 Advanced Game Log ,1.0,27.033333333333335,6.0,9.0,0.0,0.0,1.0,2.0,7.0,5.0,12.0,3.0,0.0,1.0,1.0,5.0,13.0,0.0,0.658,0.667,31.1,20.6,25.7,16.5,0.0,3.4,9.2,17.6,149.0,112.0,14.9,0.3
3,2022-10-23,20-301,MIN,L (-10),,Aleksej Pokusevski 2022-23 Advanced Game Log ,0.0,13.183333333333334,1.0,6.0,0.0,2.0,0.0,0.0,1.0,1.0,2.0,0.0,0.0,0.0,1.0,0.0,2.0,-22.0,0.167,0.167,6.9,8.5,7.6,0.0,0.0,0.0,14.3,22.3,40.0,122.0,-1.8,-22.1
3,2022-10-23,23-126,SAC,W (+5),,Jordan Poole 2022-23 Advanced Game Log ,0.0,27.05,7.0,14.0,3.0,5.0,7.0,9.0,0.0,0.0,0.0,4.0,1.0,0.0,1.0,2.0,24.0,-18.0,0.668,0.607,0.0,0.0,0.0,21.8,1.6,0.0,5.3,29.0,134.0,120.0,18.2,3.7
3,2022-10-22,22-171,MIL,L (-20),@,Kevin Porter Jr. 2022-23 Advanced Game Log ,1.0,33.733333333333334,5.0,15.0,2.0,4.0,6.0,7.0,2.0,3.0,5.0,7.0,2.0,0.0,2.0,4.0,18.0,-9.0,0.498,0.4,5.3,10.7,7.6,34.5,2.9,0.0,10.0,24.9,115.0,125.0,14.7,-2.9
3,2022-10-22,24-115,OKC,W (+5),,Michael Porter Jr. 2022-23 Advanced Game Log ,1.0,27.65,8.0,15.0,5.0,10.0,1.0,1.0,2.0,4.0,6.0,1.0,1.0,1.0,3.0,4.0,22.0,20.0,0.712,0.7,7.5,14.8,11.2,6.2,1.7,3.1,16.3,27.4,111.0,110.0,15.1,2.9
3,2022-10-23,27-082,CLE,L (-10),@,Kristaps Porziņģis 2022-23 Advanced Game Log ,1.0,37.93333333333333,7.0,16.0,4.0,8.0,0.0,1.0,1.0,10.0,11.0,3.0,1.0,1.0,2.0,4.0,18.0,1.0,0.547,0.563,3.9,29.7,18.5,12.6,1.4,2.2,10.8,23.1,100.0,109.0,13.1,0.6
3,2022-10-23,29-151,PHO,L (-17),,Norman Powell 2022-23 Advanced Game Log ,1.0,20.766666666666666,4.0,9.0,0.0,2.0,0.0,0.0,0.0,3.0,3.0,0.0,2.0,0.0,3.0,2.0,8.0,-17.0,0.444,0.444,0.0,14.8,7.5,0.0,4.9,0.0,25.0,26.5,64.0,112.0,2.4,-10.0
3,2022-10-22,19-302,PHI,W (+9),@,Joshua Primo 2022-23 Advanced Game Log ,0.0,22.1,2.0,8.0,1.0,4.0,0.0,0.0,0.0,3.0,3.0,4.0,0.0,1.0,1.0,2.0,5.0,6.0,0.313,0.313,0.0,15.2,7.9,22.5,0.0,4.1,11.1,17.8,87.0,114.0,2.8,-9.6
3,2022-10-23,24-147,POR,L (-2),,Austin Reaves 2022-23 Advanced Game Log ,0.0,18.966666666666665,2.0,5.0,2.0,4.0,1.0,1.0,0.0,0.0,0.0,1.0,1.0,0.0,2.0,1.0,7.0,-6.0,0.643,0.6,0.0,0.0,0.0,7.0,2.5,0.0,26.9,16.5,91.0,111.0,3.6,-3.5
3,2022-10-23,24-328,ATL,W (+17),@,Nick Richards 2022-23 Advanced Game Log ,0.0,20.15,9.0,9.0,0.0,0.0,2.0,3.0,5.0,6.0,11.0,1.0,0.0,2.0,0.0,1.0,20.0,25.0,0.969,1.0,27.7,26.5,27.0,9.3,0.0,7.9,0.0,21.2,200.0,103.0,23.9,20.4
3,2022-10-22,29-037,PHI,W (+9),@,Josh Richardson 2022-23 Advanced Game Log ,0.0,20.983333333333334,4.0,9.0,2.0,6.0,1.0,1.0,0.0,1.0,1.0,3.0,1.0,0.0,1.0,2.0,11.0,1.0,0.583,0.556,0.0,5.3,2.8,20.3,2.4,0.0,9.6,21.8,122.0,114.0,7.9,-1.4
3,2022-10-22,28-183,TOR,W (+3),,Duncan Robinson 2022-23 Advanced Game Log ,0.0,14.633333333333333,3.0,5.0,2.0,3.0,0.0,0.0,0.0,3.0,3.0,0.0,0.0,0.0,0.0,3.0,8.0,-2.0,0.8,0.8,0.0,21.4,12.1,0.0,0.0,0.0,0.0,15.9,139.0,115.0,5.4,0.4
3,2022-10-22,31-259,BOS,L (-6),,Terrence Ross 2022-23 Advanced Game Log ,1.0,35.15,11.0,16.0,5.0,8.0,2.0,2.0,1.0,3.0,4.0,1.0,1.0,0.0,0.0,3.0,29.0,-3.0,0.859,0.844,3.3,9.5,6.4,4.6,1.4,0.0,0.0,20.2,177.0,131.0,24.3,8.0
3,2022-10-23,26-242,OKC,W (+10),@,D'Angelo Russell 2022-23 Advanced Game Log ,1.0,25.8,2.0,5.0,0.0,2.0,2.0,2.0,1.0,2.0,3.0,6.0,1.0,0.0,2.0,0.0,6.0,0.0,0.51,0.4,4.3,7.0,5.8,26.4,1.9,0.0,25.4,13.0,113.0,109.0,7.8,-2.0
3,2022-10-23,26-173,GSW,L (-5),@,Domantas Sabonis 2022-23 Advanced Game Log ,1.0,22.35,6.0,10.0,0.0,1.0,7.0,8.0,3.0,11.0,14.0,4.0,0.0,1.0,1.0,2.0,19.0,-25.0,0.703,0.6,14.6,53.7,34.2,25.2,0.0,4.0,6.9,24.6,150.0,117.0,21.1,12.7
3,2022-10-22,20-089,MIL,L (-20),@,Alperen Şengün 2022-23 Advanced Game Log ,0.0,22.966666666666665,4.0,9.0,0.0,3.0,1.0,2.0,3.0,6.0,9.0,2.0,1.0,1.0,1.0,2.0,9.0,-8.0,0.455,0.444,11.6,31.3,20.0,15.1,2.1,3.9,9.2,19.8,105.0,121.0,9.1,-5.7
3,2022-10-23,23-292,NOP,W (+1),@,Collin Sexton 2022-23 Advanced Game Log ,0.0,18.85,2.0,10.0,1.0,3.0,3.0,4.0,3.0,2.0,5.0,1.0,2.0,0.0,2.0,1.0,8.0,11.0,0.34,0.25,18.3,13.1,15.8,7.5,5.2,0.0,14.5,30.6,82.0,108.0,4.4,-7.3
3,2022-10-22,28-203,MIA,L (-3),@,Pascal Siakam 2022-23 Advanced Game Log ,1.0,40.18333333333333,8.0,19.0,0.0,2.0,7.0,8.0,1.0,7.0,8.0,9.0,1.0,1.0,1.0,4.0,23.0,-5.0,0.511,0.421,2.6,23.9,11.8,39.2,1.3,2.6,4.3,26.7,119.0,118.0,20.7,2.0
3,2022-10-23,23-137,LAL,W (+2),@,Anfernee Simons 2022-23 Advanced Game Log ,1.0,35.78333333333333,5.0,17.0,0.0,6.0,2.0,2.0,0.0,1.0,1.0,2.0,1.0,0.0,5.0,5.0,12.0,2.0,0.336,0.294,0.0,2.7,1.5,8.9,1.3,0.0,21.9,26.7,62.0,108.0,-2.2,-17.3
3,2022-10-22,28-230,ORL,W (+6),@,Marcus Smart 2022-23 Advanced Game Log ,1.0,36.516666666666666,2.0,11.0,1.0,9.0,1.0,1.0,0.0,2.0,2.0,8.0,1.0,0.0,2.0,3.0,6.0,0.0,0.262,0.227,0.0,6.3,3.1,26.7,1.3,0.0,14.9,16.5,81.0,126.0,3.1,-13.5
3,2022-10-22,22-220,DET,W (+9),,Jalen Smith 2022-23 Advanced Game Log ,1.0,27.516666666666666,9.0,16.0,1.0,5.0,0.0,1.0,3.0,12.0,15.0,1.0,0.0,3.0,1.0,2.0,19.0,-1.0,0.578,0.594,9.3,37.4,23.4,6.0,0.0,9.9,5.7,24.4,120.0,102.0,17.7,0.3
3,2022-10-22,21-153,IND,L (-9),@,Isaiah Stewart 2022-23 Advanced Game Log ,1.0,29.55,2.0,10.0,1.0,4.0,6.0,10.0,6.0,11.0,17.0,2.0,0.0,0.0,2.0,5.0,11.0,-1.0,0.382,0.25,17.4,31.9,24.7,9.6,0.0,0.0,12.2,22.0,97.0,115.0,8.1,-11.8
3,2022-10-22,26-208,TOR,W (+3),,Max Strus 2022-23 Advanced Game Log ,0.0,37.11666666666667,8.0,14.0,3.0,7.0,1.0,1.0,0.0,5.0,5.0,3.0,0.0,2.0,0.0,1.0,20.0,-2.0,0.693,0.679,0.0,14.1,8.0,14.0,0.0,5.4,0.0,18.2,137.0,114.0,18.0,5.6
3,2022-10-22,24-233,ORL,W (+6),@,Jayson Tatum 2022-23 Advanced Game Log ,1.0,37.65,14.0,21.0,4.0,10.0,8.0,9.0,0.0,8.0,8.0,1.0,1.0,2.0,1.0,2.0,40.0,6.0,0.801,0.762,0.0,24.3,12.0,5.3,1.3,4.2,3.9,30.8,151.0,118.0,34.2,11.0
3,2022-10-22,23-029,DET,W (+9),,Terry Taylor 2022-23 Advanced Game Log ,0.0,20.483333333333334,0.0,3.0,0.0,1.0,0.0,0.0,1.0,1.0,2.0,2.0,0.0,1.0,0.0,0.0,0.0,10.0,0.0,0.0,4.2,4.2,4.2,10.4,0.0,4.4,0.0,5.6,66.0,123.0,1.0,-11.9
3,2022-10-23,32-257,SAC,W (+5),,Klay Thompson 2022-23 Advanced Game Log ,1.0,27.05,3.0,10.0,2.0,7.0,0.0,0.0,0.0,4.0,4.0,3.0,0.0,0.0,1.0,1.0,8.0,15.0,0.4,0.4,0.0,16.1,8.1,13.4,0.0,0.0,9.1,16.9,85.0,119.0,4.1,-8.3
3,2022-10-22,25-232,SAS,L (-9),,Matisse Thybulle 2022-23 Advanced Game Log ,0.0,3.2333333333333334,0.0,1.0,0.0,1.0,0.0,0.0,0.0,0.0,0.0,0.0,0.0,0.0,0.0,0.0,0.0,-3.0,0.0,0.0,0.0,0.0,0.0,0.0,0.0,0.0,0.0,13.7,0.0,131.0,-0.7,-25.6
3,2022-10-22,23-283,DAL,L (-41),@,Xavier Tillman Sr. 2022-23 Advanced Game Log ,0.0,8.9,3.0,4.0,1.0,2.0,0.0,0.0,1.0,1.0,2.0,1.0,0.0,0.0,1.0,0.0,7.0,-9.0,0.875,0.875,12.5,14.2,13.3,30.3,0.0,0.0,20.0,25.3,131.0,140.0,6.1,9.3
3,2022-10-23,29-196,POR,L (-2),,Juan Toscano-Anderson 2022-23 Advanced Game Log ,0.0,19.633333333333333,2.0,3.0,0.0,1.0,0.0,0.0,0.0,2.0,2.0,0.0,1.0,0.0,0.0,1.0,4.0,-5.0,0.667,0.667,0.0,11.4,5.3,0.0,2.4,0.0,0.0,6.4,129.0,108.0,3.9,-3.4
3,2022-10-23,26-342,OKC,W (+10),@,Karl-Anthony Towns 2022-23 Advanced Game Log ,1.0,30.333333333333332,5.0,9.0,1.0,3.0,4.0,4.0,1.0,7.0,8.0,5.0,1.0,0.0,3.0,2.0,15.0,14.0,0.697,0.611,3.7,20.9,13.2,20.8,1.6,0.0,21.8,19.3,125.0,105.0,14.2,3.0
3,2022-10-22,23-277,MIA,L (-3),@,Gary Trent Jr. 2022-23 Advanced Game Log ,1.0,38.916666666666664,7.0,18.0,5.0,12.0,4.0,6.0,0.0,1.0,1.0,2.0,2.0,1.0,1.0,3.0,23.0,-6.0,0.557,0.528,0.0,3.5,1.5,8.7,2.6,2.7,4.6,25.3,107.0,118.0,14.6,-1.5
3,2022-10-23,30-170,UTA,L (-1),,Jonas Valančiūnas 2022-23 Advanced Game Log ,1.0,24.45,2.0,11.0,0.0,1.0,2.0,2.0,8.0,1.0,9.0,3.0,1.0,0.0,1.0,3.0,6.0,-7.0,0.253,0.182,40.3,4.7,21.9,14.9,2.0,0.0,7.8,21.7,95.0,118.0,5.9,-8.2
3,2022-10-22,28-239,MIA,L (-3),@,Fred VanVleet 2022-23 Advanced Game Log ,1.0,38.81666666666667,2.0,9.0,1.0,6.0,2.0,2.0,1.0,1.0,2.0,10.0,3.0,0.0,1.0,5.0,7.0,6.0,0.354,0.278,2.7,3.5,3.1,35.8,3.9,0.0,9.2,12.8,108.0,117.0,9.5,-5.9
3,2022-10-23,23-203,NOP,W (+1),@,Jarred Vanderbilt 2022-23 Advanced Game Log ,1.0,28.0,5.0,7.0,2.0,3.0,3.0,3.0,0.0,4.0,4.0,1.0,4.0,1.0,1.0,5.0,15.0,-4.0,0.901,0.857,0.0,17.6,8.5,5.6,7.0,2.5,10.7,14.0,159.0,101.0,15.7,10.5
3,2022-10-22,22-060,PHI,W (+9),@,Devin Vassell 2022-23 Advanced Game Log ,1.0,34.21666666666667,9.0,14.0,4.0,8.0,0.0,0.0,0.0,4.0,4.0,3.0,1.0,0.0,1.0,1.0,22.0,0.0,0.786,0.786,0.0,13.0,6.8,13.9,1.5,0.0,6.7,19.2,149.0,114.0,18.7,5.4
3,2022-10-22,26-130,TOR,W (+3),,Gabe Vincent 2022-23 Advanced Game Log ,0.0,23.733333333333334,3.0,7.0,1.0,5.0,2.0,2.0,0.0,7.0,7.0,4.0,0.0,0.0,3.0,2.0,9.0,0.0,0.571,0.5,0.0,30.8,17.5,25.3,0.0,0.0,27.6,21.4,95.0,113.0,6.4,-7.1
3,2022-10-22,31-363,CLE,L (-32),,Nikola Vučević 2022-23 Advanced Game Log ,1.0,30.783333333333335,7.0,12.0,2.0,3.0,0.0,0.0,1.0,3.0,4.0,3.0,0.0,3.0,2.0,3.0,16.0,-10.0,0.667,0.667,3.1,14.2,7.5,20.3,0.0,8.1,14.3,20.8,116.0,133.0,13.0,-0.6
3,2022-10-23,25-337,WAS,W (+10),,Dean Wade 2022-23 Advanced Game Log ,0.0,21.3,3.0,4.0,2.0,3.0,4.0,5.0,1.0,2.0,3.0,2.0,0.0,1.0,0.0,1.0,12.0,19.0,0.968,1.0,5.3,13.8,9.0,14.8,0.0,4.2,0.0,12.9,207.0,106.0,13.0,12.6
3,2022-10-22,21-056,BOS,L (-6),,Franz Wagner 2022-23 Advanced Game Log ,1.0,34.516666666666666,8.0,17.0,2.0,6.0,0.0,0.0,2.0,4.0,6.0,2.0,1.0,0.0,1.0,1.0,18.0,-17.0,0.529,0.529,6.6,12.9,9.8,8.2,1.4,0.0,5.6,21.9,116.0,131.0,12.9,-5.3
3,2022-10-23,23-313,POR,L (-2),,Lonnie Walker IV 2022-23 Advanced Game Log ,1.0,32.416666666666664,7.0,13.0,1.0,5.0,0.0,1.0,2.0,2.0,4.0,1.0,1.0,1.0,2.0,3.0,15.0,5.0,0.558,0.577,6.0,6.9,6.4,4.8,1.5,2.6,13.0,20.1,98.0,110.0,9.5,-3.0
3,2022-10-23,33-345,POR,L (-2),,Russell Westbrook 2022-23 Advanced Game Log ,1.0,27.516666666666666,4.0,15.0,0.0,3.0,2.0,3.0,0.0,6.0,6.0,6.0,0.0,0.0,0.0,1.0,10.0,-4.0,0.306,0.267,0.0,24.3,11.4,30.8,0.0,0.0,0.0,25.0,82.0,109.0,6.3,-7.3
3,2022-10-22,22-248,CLE,L (-32),,Coby White 2022-23 Advanced Game Log ,0.0,23.6,2.0,8.0,0.0,5.0,1.0,1.0,1.0,0.0,1.0,1.0,0.0,0.0,0.0,3.0,5.0,-30.0,0.296,0.25,4.1,0.0,2.5,6.8,0.0,0.0,0.0,16.3,75.0,142.0,0.4,-18.2
3,2022-10-22,28-112,ORL,W (+6),@,Derrick White 2022-23 Advanced Game Log ,1.0,36.95,10.0,17.0,5.0,9.0,2.0,3.0,2.0,2.0,4.0,4.0,1.0,0.0,0.0,2.0,27.0,7.0,0.737,0.735,6.0,6.2,6.1,17.9,1.3,0.0,0.0,22.2,154.0,126.0,23.7,6.1
3,2022-10-23,27-242,SAC,W (+5),,Andrew Wiggins 2022-23 Advanced Game Log ,1.0,31.5,10.0,19.0,2.0,6.0,2.0,3.0,1.0,4.0,5.0,1.0,3.0,2.0,0.0,2.0,24.0,14.0,0.591,0.579,3.5,13.9,8.7,5.1,4.2,5.3,0.0,26.7,119.0,107.0,20.5,5.1
3,2022-10-22,23-326,ORL,W (+6),@,Grant Williams 2022-23 Advanced Game Log ,0.0,31.05,3.0,3.0,3.0,3.0,4.0,4.0,0.0,6.0,6.0,2.0,0.0,2.0,0.0,5.0,13.0,7.0,1.366,1.5,0.0,22.1,10.9,8.3,0.0,5.1,0.0,6.9,271.0,120.0,14.7,4.7
3,2022-10-22,21-057,CLE,L (-32),,Patrick Williams 2022-23 Advanced Game Log ,1.0,15.516666666666667,2.0,7.0,1.0,3.0,1.0,2.0,1.0,2.0,3.0,0.0,1.0,0.0,1.0,1.0,6.0,0.0,0.381,0.357,6.2,18.7,11.2,0.0,3.2,0.0,11.3,26.2,75.0,132.0,2.4,-13.4
3,2022-10-23,22-109,UTA,L (-1),,Zion Williamson 2022-23 Advanced Game Log ,1.0,29.883333333333333,10.0,16.0,0.0,0.0,5.0,6.0,2.0,4.0,6.0,1.0,1.0,2.0,4.0,3.0,25.0,-7.0,0.671,0.625,8.2,15.4,12.0,5.9,1.6,5.9,17.7,31.2,113.0,111.0,17.9,4.9
3,2022-10-23,26-211,LAL,W (+2),@,Justise Winslow 2022-23 Advanced Game Log ,0.0,25.1,2.0,8.0,0.0,0.0,3.0,4.0,2.0,3.0,5.0,3.0,2.0,1.0,1.0,2.0,7.0,2.0,0.359,0.25,8.9,11.7,10.4,17.3,3.8,3.2,9.3,17.9,96.0,98.0,7.1,0.6
3,2022-10-23,30-180,CLE,L (-10),@,Delon Wright 2022-23 Advanced Game Log ,0.0,26.5,2.0,5.0,1.0,3.0,2.0,3.0,0.0,2.0,2.0,5.0,2.0,0.0,1.0,0.0,7.0,-16.0,0.554,0.5,0.0,8.5,4.8,25.6,3.9,0.0,13.7,13.1,118.0,114.0,9.0,2.5
3,2022-10-22,34-123,MIA,L (-3),@,Thaddeus Young 2022-23 Advanced Game Log ,0.0,10.583333333333334,2.0,3.0,0.0,1.0,0.0,0.0,1.0,1.0,2.0,0.0,2.0,0.0,1.0,4.0,4.0,-15.0,0.667,0.667,9.9,13.0,11.2,0.0,9.6,0.0,25.0,17.2,100.0,103.0,3.1,-5.1
3,2022-10-23,24-034,CHO,L (-17),,Trae Young 2022-23 Advanced Game Log ,1.0,33.28333333333333,9.0,25.0,2.0,8.0,8.0,9.0,2.0,3.0,5.0,9.0,0.0,0.0,1.0,4.0,28.0,-6.0,0.483,0.4,5.3,10.1,7.4,49.9,0.0,0.0,3.3,36.2,117.0,132.0,19.7,1.6
3,2022-10-23,25-219,PHO,L (-17),,Ivica Zubac 2022-23 Advanced Game Log ,1.0,21.333333333333332,1.0,4.0,0.0,0.0,0.0,0.0,3.0,5.0,8.0,2.0,0.0,0.0,3.0,1.0,2.0,-8.0,0.25,0.25,15.0,23.9,19.6,13.3,0.0,0.0,42.9,15.0,64.0,120.0,1.2,-11.3
